{"NowType":[2,2,2,2,2,0,1,2,2,1,1,0,0,2,2,0,0,0,0,0,0,2,1,1,0,2,1,0,2,0,0,0,0,1,0,2,0,0,0,0,0,2,0,0,0,0,0,0,0,0,0,0,0,0],"PositionX":[3,3,5.50000047683716,3,5.50000047683716,0,3,5.50000047683716,0,0,0,0,0,-3,-3,0,0,0,0,0,0,3,7.10000133514404,7.10000133514404,0,5.50000047683716,0,0,-3,0,0,0,0,3,0,5.50000047683716,0,0,0,0,0,0,0,0,0,0,0,0,0,0,0,0,0,0],"PositionY":[5.5,3,3,0,0,0,-3,-3,5.5,3,0,0,0,5.5,3,0,0,0,0,0,0,5.5,3,0,0,-3,7.10000038146973,0,5.5,0,0,0,0,7.10000038146973,0,3,0,0,0,0,0,5.5,0,0,0,0,0,0,0,0,0,0,0,0],"PositionZ":[3,5.50000047683716,3,5.50000047683716,3,0,7.10000133514404,3,3,7.10000133514404,7.10000133514404,0,0,3,5.50000047683716,0,0,0,0,0,0,0,0,0,0,0,0,0,0,0,0,0,0,-3,0,-3,0,0,0,0,0,-3,0,0,0,0,0,0,0,0,0,0,0,0]}